"generation","filename","format_version","saved_at_unix_seconds","saved_at_local","architecture","activations","genome_parameter_count","champion_training_fitness","population_average_fitness","average_useful_progress_speed_u_s","completion_rate","completion_rate_percent","completed","collision","stalled","timeout","training_tracks","validation_track","validation_score","validation_normalized_progress","validation_progress_percent","validation_useful_progress_speed_u_s","validation_elapsed_s","validation_finish_reason","maximum_episode_duration_s","stall_timeout_s","significant_progress_epsilon_u","progress_weight","speed_weight","collision_penalty","completion_bonus","progress_speed_normalization_u_s","training_track_selection"
"10","generation_000010_1787967926.ron","1","1787967926","2026-08-28 22:45:26 -03:00","6 -> 8 -> 2","Tanh -> Tanh","74","0.68514925","0.22399122","144.0423","0","0","0","1","1","1","interlagos;red_bull_ring;silverstone","spa","0.3018477","0.045140382","4.5140382","101.01219","6.8833685","Collision","60","2","60","1","0.4","0.08","0.45","120","RandomSubset(3)"
"20","generation_000020_1787968066.ron","1","1787968066","2026-08-28 22:47:46 -03:00","6 -> 8 -> 2","Tanh -> Tanh","74","1.2167376","0.748573","192.3029","0.33333334","33.333334","1","1","0","1","red_bull_ring;monza;catalunya","suzuka","1.1010848","0.7010848","70.10848","156.56639","60.015923","Timeout","60","2","60","1","0.4","0.08","0.45","120","RandomSubset(3)"
"30","generation_000030_1787968253.ron","1","1787968253","2026-08-28 22:50:53 -03:00","6 -> 8 -> 2","Tanh -> Tanh","74","1.3135525","0.7401978","189.21692","0.33333334","33.333334","1","0","0","2","catalunya;monza;silverstone","spa","0.3698725","0.049872477","4.9872477","128.74698","5.9666896","Collision","60","2","60","1","0.4","0.08","0.45","120","RandomSubset(3)"
"40","generation_000040_1787968449.ron","1","1787968449","2026-08-28 22:54:09 -03:00","6 -> 8 -> 2","Tanh -> Tanh","74","1.3452641","0.8693168","199.51428","0.33333334","33.333334","1","0","0","2","interlagos;red_bull_ring;monza","monaco","0.9465864","0.54658633","54.658633","164.9874","60.015923","Timeout","60","2","60","1","0.4","0.08","0.45","120","RandomSubset(3)"
"50","generation_000050_1787968659.ron","1","1787968659","2026-08-28 22:57:39 -03:00","6 -> 8 -> 2","Tanh -> Tanh","74","1.3867025","0.96896005","220.89037","0.33333334","33.333334","1","0","0","2","interlagos;monza;red_bull_ring","suzuka","0.6334335","0.31343347","31.343347","187.82002","22.366497","Collision","60","2","60","1","0.4","0.08","0.45","120","RandomSubset(3)"
"60","generation_000060_1787969190.ron","1","1787969190","2026-08-28 23:06:30 -03:00","6 -> 8 -> 2","Tanh -> Tanh","74","1.3998653","0.9859162","220.85376","0.33333334","33.333334","1","0","0","2","silverstone;catalunya;monza","suzuka","1.2639453","0.86394536","86.394536","192.93645","60.015923","Timeout","60","2","60","1","0.4","0.08","0.45","120","RandomSubset(3)"
"70","generation_000070_1787969416.ron","1","1787969416","2026-08-28 23:10:16 -03:00","6 -> 8 -> 2","Tanh -> Tanh","74","1.1740905","0.92299646","221.60991","0","0","0","0","0","3","interlagos;red_bull_ring;catalunya","suzuka","1.2322397","0.8322397","83.22397","185.85594","60.015923","Timeout","60","2","60","1","0.4","0.08","0.45","120","RandomSubset(3)"
"80","generation_000080_1787969647.ron","1","1787969647","2026-08-28 23:14:07 -03:00","6 -> 8 -> 2","Tanh -> Tanh","74","1.3665003","1.1094848","223.92546","0.33333334","33.333334","1","0","0","2","monza;interlagos;catalunya","monaco","1.0576276","0.6576276","65.76276","198.50528","60.015923","Timeout","60","2","60","1","0.4","0.08","0.45","120","RandomSubset(3)"
"90","generation_000090_1787969880.ron","1","1787969880","2026-08-28 23:18:00 -03:00","6 -> 8 -> 2","Tanh -> Tanh","74","1.2344049","0.9043199","227.42546","0","0","0","0","0","3","silverstone;interlagos;red_bull_ring","monaco","1.0617149","0.6617149","66.17149","199.73903","60.015923","Timeout","60","2","60","1","0.4","0.08","0.45","120","RandomSubset(3)"
"100","generation_000100_1787970114.ron","1","1787970114","2026-08-28 23:21:54 -03:00","6 -> 8 -> 2","Tanh -> Tanh","74","1.4410936","1.1824741","241.7441","0.33333334","33.333334","1","0","0","2","interlagos;monza;red_bull_ring","suzuka","1.3337004","0.9337004","93.37004","208.51414","60.015923","Timeout","60","2","60","1","0.4","0.08","0.45","120","RandomSubset(3)"
"110","generation_000110_1787970341.ron","1","1787970341","2026-08-28 23:25:41 -03:00","6 -> 8 -> 2","Tanh -> Tanh","74","1.483974","1.193195","239.14459","0.33333334","33.333334","1","0","0","2","red_bull_ring;silverstone;monza","monaco","1.0923513","0.69235134","69.235134","208.98666","60.015923","Timeout","60","2","60","1","0.4","0.08","0.45","120","RandomSubset(3)"
"120","generation_000120_1787970570.ron","1","1787970570","2026-08-28 23:29:30 -03:00","6 -> 8 -> 2","Tanh -> Tanh","74","1.2005912","0.9101466","227.52666","0","0","0","0","0","3","interlagos;silverstone;catalunya","spa","1.2529929","0.85299283","85.299283","218.92152","60.015923","Timeout","60","2","60","1","0.4","0.08","0.45","120","RandomSubset(3)"
"130","generation_000130_1787971062.ron","1","1787971062","2026-08-28 23:37:42 -03:00","6 -> 8 -> 2","Tanh -> Tanh","74","1.2160906","0.96239567","232.12006","0","0","0","0","0","3","interlagos;catalunya;silverstone","suzuka","1.359346","0.95934606","95.934606","214.24135","60.015923","Timeout","60","2","60","1","0.4","0.08","0.45","120","RandomSubset(3)"
"140","generation_000140_1787971289.ron","1","1787971289","2026-08-28 23:41:29 -03:00","6 -> 8 -> 2","Tanh -> Tanh","74","1.4610218","1.2173831","251.85945","0.33333334","33.333334","1","0","0","2","silverstone;monza;interlagos","suzuka","1.8499999","1","100","224.63017","59.665928","Completed","60","2","60","1","0.4","0.08","0.45","120","RandomSubset(3)"
"150","generation_000150_1787971516.ron","1","1787971516","2026-08-28 23:45:16 -03:00","6 -> 8 -> 2","Tanh -> Tanh","74","1.4679337","1.2562035","251.39185","0.33333334","33.333334","1","0","0","2","silverstone;catalunya;monza","spa","1.3058685","0.90586853","90.586853","232.49214","60.015923","Timeout","60","2","60","1","0.4","0.08","0.45","120","RandomSubset(3)"
"160","generation_000160_1787971738.ron","1","1787971738","2026-08-28 23:48:58 -03:00","6 -> 8 -> 2","Tanh -> Tanh","74","1.641502","1.3122481","262.66034","0.6666667","66.66667","2","0","0","1","monza;interlagos;red_bull_ring","suzuka","1.8499999","1","100","230.3569","58.182617","Completed","60","2","60","1","0.4","0.08","0.45","120","RandomSubset(3)"
"170","generation_000170_1787971963.ron","1","1787971963","2026-08-28 23:52:43 -03:00","6 -> 8 -> 2","Tanh -> Tanh","74","1.4849454","1.079966","254.79626","0.33333334","33.333334","1","0","0","2","red_bull_ring;silverstone;catalunya","monaco","1.1836421","0.7836421","78.36421","236.54285","60.015923","Timeout","60","2","60","1","0.4","0.08","0.45","120","RandomSubset(3)"
"175","generation_000175_1787972445.ron","1","1787972445","2026-08-29 00:00:45 -03:00","6 -> 8 -> 2","Tanh -> Tanh","74","1.4359242","1.302002","258.63364","0.33333334","33.333334","1","0","0","2","catalunya;interlagos;monza","spa","1.3301519","0.9301519","93.01519","238.72449","60.015923","Timeout","60","2","60","1","0.4","0.08","0.45","120","RandomSubset(3)"
"200","generation_000200_1787972907.ron","1","1787972907","2026-08-29 00:08:27 -03:00","6 -> 8 -> 2","Tanh -> Tanh","74","1.4470135","1.3312832","263.69702","0.33333334","33.333334","1","0","0","2","monza;catalunya;interlagos","suzuka","1.8499999","1","100","232.68979","57.599293","Completed","60","2","60","1","0.4","0.08","0.45","120","RandomSubset(3)"
"225","generation_000225_1787973360.ron","1","1787973360","2026-08-29 00:16:00 -03:00","6 -> 8 -> 2","Tanh -> Tanh","74","1.66218","1.3968524","272.32773","0.6666667","66.66667","2","0","0","1","red_bull_ring;catalunya;monza","spa","0.3692134","0.0492134","4.92134","165.3907","4.583338","Collision","60","2","60","1","0.4","0.08","0.45","120","RandomSubset(3)"
"250","generation_000250_1787973817.ron","1","1787973817","2026-08-29 00:23:37 -03:00","6 -> 8 -> 2","Tanh -> Tanh","74","1.5010382","1.1995369","261.4623","0.33333334","33.333334","1","0","0","2","catalunya;red_bull_ring;silverstone","suzuka","1.8499999","1","100","235.8287","56.832638","Completed","60","2","60","1","0.4","0.08","0.45","120","RandomSubset(3)"
"275","generation_000275_1787974265.ron","1","1787974265","2026-08-29 00:31:05 -03:00","6 -> 8 -> 2","Tanh -> Tanh","74","1.6601511","1.4502071","276.46973","0.6666667","66.66667","2","0","0","1","interlagos;monza;red_bull_ring","suzuka","1.8499999","1","100","239.12456","56.049316","Completed","60","2","60","1","0.4","0.08","0.45","120","RandomSubset(3)"
"300","generation_000300_1787974706.ron","1","1787974706","2026-08-29 00:38:26 -03:00","6 -> 8 -> 2","Tanh -> Tanh","74","1.6710653","1.4095181","276.2851","0.6666667","66.66667","2","0","0","1","catalunya;monza;red_bull_ring","suzuka","1.1143777","0.79437774","79.437774","240.51917","44.266163","Collision","60","2","60","1","0.4","0.08","0.45","120","RandomSubset(3)"
"325","generation_000325_1787975169.ron","1","1787975169","2026-08-29 00:46:09 -03:00","6 -> 8 -> 2","Tanh -> Tanh","74","1.6754231","1.4614633","282.7529","0.6666667","66.66667","2","0","0","1","monza;red_bull_ring;catalunya","spa","0.36872584","0.04872582","4.872582","168.6586","4.4500027","Collision","60","2","60","1","0.4","0.08","0.45","120","RandomSubset(3)"
"350","generation_000350_1787975622.ron","1","1787975622","2026-08-29 00:53:42 -03:00","6 -> 8 -> 2","Tanh -> Tanh","74","1.6689754","1.3282603","277.03525","0.6666667","66.66667","2","0","0","1","monza;silverstone;interlagos","spa","1.8499999","1","100","258.1566","59.665928","Completed","60","2","60","1","0.4","0.08","0.45","120","RandomSubset(3)"
"375","generation_000375_1787976076.ron","1","1787976076","2026-08-29 01:01:16 -03:00","6 -> 8 -> 2","Tanh -> Tanh","74","1.6780134","1.4815428","285.01767","0.6666667","66.66667","2","0","0","1","catalunya;red_bull_ring;monza","monaco","1.253326","0.853326","85.3326","257.57697","60.015923","Timeout","60","2","60","1","0.4","0.08","0.45","120","RandomSubset(3)"
"400","generation_000400_1787976530.ron","1","1787976530","2026-08-29 01:08:50 -03:00","6 -> 8 -> 2","Tanh -> Tanh","74","1.6772469","1.4912142","287.46106","0.6666667","66.66667","2","0","0","1","catalunya;red_bull_ring;monza","spa","1.8499999","1","100","257.43747","59.832592","Completed","60","2","60","1","0.4","0.08","0.45","120","RandomSubset(3)"
"425","generation_000425_1787976973.ron","1","1787976973","2026-08-29 01:16:13 -03:00","6 -> 8 -> 2","Tanh -> Tanh","74","1.6746594","1.2620198","273.95453","0.6666667","66.66667","2","0","0","1","silverstone;red_bull_ring;catalunya","spa","1.8499999","1","100","258.1566","59.665928","Completed","60","2","60","1","0.4","0.08","0.45","120","RandomSubset(3)"
"450","generation_000450_1787977426.ron","1","1787977426","2026-08-29 01:23:46 -03:00","6 -> 8 -> 2","Tanh -> Tanh","74","1.6877861","1.4379042","296.69812","0.6666667","66.66667","2","0","0","1","interlagos;red_bull_ring;monza","spa","1.8499999","1","100","265.72757","57.965954","Completed","60","2","60","1","0.4","0.08","0.45","120","RandomSubset(3)"
"475","generation_000475_1787977872.ron","1","1787977872","2026-08-29 01:31:12 -03:00","6 -> 8 -> 2","Tanh -> Tanh","74","1.506451","1.3525748","288.3796","0.33333334","33.333334","1","0","0","2","catalunya;monza;interlagos","suzuka","1.8499999","1","100","249.74402","53.66602","Completed","60","2","60","1","0.4","0.08","0.45","120","RandomSubset(3)"
"500","generation_000500_1787978317.ron","1","1787978317","2026-08-29 01:38:37 -03:00","6 -> 8 -> 2","Tanh -> Tanh","74","1.6853844","1.3161519","279.27704","0.6666667","66.66667","2","0","0","1","silverstone;catalunya;red_bull_ring","suzuka","1.8499999","1","100","248.5092","53.932682","Completed","60","2","60","1","0.4","0.08","0.45","120","RandomSubset(3)"
"525","generation_000525_1787978761.ron","1","1787978761","2026-08-29 01:46:01 -03:00","6 -> 8 -> 2","Tanh -> Tanh","74","1.6919705","1.4682008","297.77585","0.6666667","66.66667","2","0","0","1","interlagos;red_bull_ring;monza","suzuka","1.8499999","1","100","252.0137","53.182693","Completed","60","2","60","1","0.4","0.08","0.45","120","RandomSubset(3)"
"550","generation_000550_1787979208.ron","1","1787979208","2026-08-29 01:53:28 -03:00","6 -> 8 -> 2","Tanh -> Tanh","74","1.5878229","1.3729174","301.59518","0.6666667","66.66667","2","1","0","0","catalunya;monza;interlagos","spa","1.8499999","1","100","267.96185","57.482628","Completed","60","2","60","1","0.4","0.08","0.45","120","RandomSubset(3)"
"575","generation_000575_1787979653.ron","1","1787979653","2026-08-29 02:00:53 -03:00","6 -> 8 -> 2","Tanh -> Tanh","74","1.699109","1.3266585","287.71976","0.6666667","66.66667","2","0","0","1","interlagos;red_bull_ring;silverstone","monaco","1.286712","0.8867121","88.67121","267.65457","60.015923","Timeout","60","2","60","1","0.4","0.08","0.45","120","RandomSubset(3)"
"600","generation_000600_1787980097.ron","1","1787980097","2026-08-29 02:08:17 -03:00","6 -> 8 -> 2","Tanh -> Tanh","74","1.8499999","1.4473182","294.207","1","100","3","0","0","0","silverstone;monza;interlagos","spa","1.8499999","1","100","269.4462","57.165966","Completed","60","2","60","1","0.4","0.08","0.45","120","RandomSubset(3)"
"625","generation_000625_1787980544.ron","1","1787980544","2026-08-29 02:15:44 -03:00","6 -> 8 -> 2","Tanh -> Tanh","74","1.6887406","1.3845515","280.6132","0.6666667","66.66667","2","0","0","1","silverstone;red_bull_ring;catalunya","monaco","1.2691599","0.86915994","86.915994","262.35645","60.015923","Timeout","60","2","60","1","0.4","0.08","0.45","120","RandomSubset(3)"
"650","generation_000650_1787980986.ron","1","1787980986","2026-08-29 02:23:06 -03:00","6 -> 8 -> 2","Tanh -> Tanh","74","1.8499999","1.581592","287.3716","1","100","3","0","0","0","red_bull_ring;monza;silverstone","suzuka","1.8499999","1","100","250.67822","53.466022","Completed","60","2","60","1","0.4","0.08","0.45","120","RandomSubset(3)"
"675","generation_000675_1787981421.ron","1","1787981421","2026-08-29 02:30:21 -03:00","6 -> 8 -> 2","Tanh -> Tanh","74","1.8499999","1.4182299","295.38467","1","100","3","0","0","0","interlagos;silverstone;monza","monaco","1.2865096","0.88650966","88.650966","267.59348","60.015923","Timeout","60","2","60","1","0.4","0.08","0.45","120","RandomSubset(3)"
"700","generation_000700_1787981862.ron","1","1787981862","2026-08-29 02:37:42 -03:00","6 -> 8 -> 2","Tanh -> Tanh","74","1.6717533","1.321914","289.74826","0.6666667","66.66667","2","0","0","1","red_bull_ring;catalunya;interlagos","spa","1.8499999","1","100","266.49377","57.79929","Completed","60","2","60","1","0.4","0.08","0.45","120","RandomSubset(3)"
"725","generation_000725_1787982293.ron","1","1787982293","2026-08-29 02:44:53 -03:00","6 -> 8 -> 2","Tanh -> Tanh","74","1.6912307","1.4239887","288.11664","0.6666667","66.66667","2","0","0","1","silverstone;monza;catalunya","spa","1.8499999","1","100","265.26993","58.065952","Completed","60","2","60","1","0.4","0.08","0.45","120","RandomSubset(3)"
"750","generation_000750_1787982726.ron","1","1787982726","2026-08-29 02:52:06 -03:00","6 -> 8 -> 2","Tanh -> Tanh","74","1.8499999","1.388501","291.03458","1","100","3","0","0","0","interlagos;silverstone;red_bull_ring","monaco","1.2927963","0.8927962","89.27962","269.49106","60.015923","Timeout","60","2","60","1","0.4","0.08","0.45","120","RandomSubset(3)"
"775","generation_000775_1787983164.ron","1","1787983164","2026-08-29 02:59:24 -03:00","6 -> 8 -> 2","Tanh -> Tanh","74","1.6891311","1.3826468","284.3253","0.6666667","66.66667","2","0","0","1","red_bull_ring;silverstone;catalunya","suzuka","1.8499999","1","100","253.6832","52.8327","Completed","60","2","60","1","0.4","0.08","0.45","120","RandomSubset(3)"
"800","generation_000800_1787983596.ron","1","1787983596","2026-08-29 03:06:36 -03:00","6 -> 8 -> 2","Tanh -> Tanh","74","1.8499999","1.4829286","296.38354","1","100","3","0","0","0","monza;interlagos;silverstone","suzuka","1.8499999","1","100","256.43356","52.26604","Completed","60","2","60","1","0.4","0.08","0.45","120","RandomSubset(3)"
"825","generation_000825_1787984026.ron","1","1787984026","2026-08-29 03:13:46 -03:00","6 -> 8 -> 2","Tanh -> Tanh","74","1.6916641","1.444949","286.2062","0.6666667","66.66667","2","0","0","1","monza;catalunya;silverstone","monaco","1.276881","0.876881","87.6881","264.68704","60.015923","Timeout","60","2","60","1","0.4","0.08","0.45","120","RandomSubset(3)"
"850","generation_000850_1787984452.ron","1","1787984452","2026-08-29 03:20:52 -03:00","6 -> 8 -> 2","Tanh -> Tanh","74","1.8499999","1.5475739","280.2194","1","100","3","0","0","0","monza;silverstone;red_bull_ring","spa","1.8499999","1","100","257.15097","59.899258","Completed","60","2","60","1","0.4","0.08","0.45","120","RandomSubset(3)"
"875","generation_000875_1787984874.ron","1","1787984874","2026-08-29 03:27:54 -03:00","6 -> 8 -> 2","Tanh -> Tanh","74","1.6909596","1.4393888","300.44302","0.6666667","66.66667","2","0","0","1","monza;interlagos;catalunya","suzuka","1.8499999","1","100","255.29387","52.49937","Completed","60","2","60","1","0.4","0.08","0.45","120","RandomSubset(3)"
"900","generation_000900_1787985303.ron","1","1787985303","2026-08-29 03:35:03 -03:00","6 -> 8 -> 2","Tanh -> Tanh","74","1.6910616","1.2274507","288.2773","0.6666667","66.66667","2","0","0","1","catalunya;silverstone;interlagos","spa","1.8499999","1","100","270.23404","56.999302","Completed","60","2","60","1","0.4","0.08","0.45","120","RandomSubset(3)"
"925","generation_000925_1787985732.ron","1","1787985732","2026-08-29 03:42:12 -03:00","6 -> 8 -> 2","Tanh -> Tanh","74","1.8499999","1.4972094","295.72906","1","100","3","0","0","0","monza;interlagos;silverstone","spa","1.8499999","1","100","272.30417","56.565975","Completed","60","2","60","1","0.4","0.08","0.45","120","RandomSubset(3)"
"950","generation_000950_1787986152.ron","1","1787986152","2026-08-29 03:49:12 -03:00","6 -> 8 -> 2","Tanh -> Tanh","74","1.6915736","1.4098912","300.58185","0.6666667","66.66667","2","0","0","1","catalunya;interlagos;monza","suzuka","1.8499999","1","100","255.37494","52.482704","Completed","60","2","60","1","0.4","0.08","0.45","120","RandomSubset(3)"
"975","generation_000975_1787986579.ron","1","1787986579","2026-08-29 03:56:19 -03:00","6 -> 8 -> 2","Tanh -> Tanh","74","1.6949326","1.4742503","298.7502","0.6666667","66.66667","2","0","0","1","monza;red_bull_ring;catalunya","suzuka","1.8499999","1","100","256.02536","52.349373","Completed","60","2","60","1","0.4","0.08","0.45","120","RandomSubset(3)"
"1000","generation_001000_1787987006.ron","1","1787987006","2026-08-29 04:03:26 -03:00","6 -> 8 -> 2","Tanh -> Tanh","74","1.69335","1.44454","288.98404","0.6666667","66.66667","2","0","0","1","monza;silverstone;catalunya","spa","1.8499999","1","100","268.03955","57.46596","Completed","60","2","60","1","0.4","0.08","0.45","120","RandomSubset(3)"
"1025","generation_001025_1787987430.ron","1","1787987430","2026-08-29 04:10:30 -03:00","6 -> 8 -> 2","Tanh -> Tanh","74","1.8499999","1.5003301","294.78857","1","100","3","0","0","0","monza;interlagos;silverstone","spa","1.8499999","1","100","271.02652","56.832638","Completed","60","2","60","1","0.4","0.08","0.45","120","RandomSubset(3)"
"1050","generation_001050_1787987861.ron","1","1787987861","2026-08-29 04:17:41 -03:00","6 -> 8 -> 2","Tanh -> Tanh","74","1.6936203","1.3658873","289.39783","0.6666667","66.66667","2","0","0","1","silverstone;interlagos;catalunya","suzuka","1.8499999","1","100","255.9439","52.36604","Completed","60","2","60","1","0.4","0.08","0.45","120","RandomSubset(3)"
"1075","generation_001075_1787988277.ron","1","1787988277","2026-08-29 04:24:37 -03:00","6 -> 8 -> 2","Tanh -> Tanh","74","1.694836","1.4524354","302.40573","0.6666667","66.66667","2","0","0","1","interlagos;monza;catalunya","spa","1.8499999","1","100","270.0761","57.032635","Completed","60","2","60","1","0.4","0.08","0.45","120","RandomSubset(3)"
"1100","generation_001100_1787988694.ron","1","1787988694","2026-08-29 04:31:34 -03:00","6 -> 8 -> 2","Tanh -> Tanh","74","1.6951195","1.4411215","302.2438","0.6666667","66.66667","2","0","0","1","interlagos;catalunya;monza","spa","1.8499999","1","100","269.91833","57.065968","Completed","60","2","60","1","0.4","0.08","0.45","120","RandomSubset(3)"
"1125","generation_001125_1787989111.ron","1","1787989111","2026-08-29 04:38:31 -03:00","6 -> 8 -> 2","Tanh -> Tanh","74","1.6960249","1.5552323","300.53735","0.6666667","66.66667","2","0","0","1","red_bull_ring;monza;catalunya","spa","1.8499999","1","100","269.6034","57.132633","Completed","60","2","60","1","0.4","0.08","0.45","120","RandomSubset(3)"
"1150","generation_001150_1787989529.ron","1","1787989529","2026-08-29 04:45:29 -03:00","6 -> 8 -> 2","Tanh -> Tanh","74","1.695889","1.4924084","302.4034","0.6666667","66.66667","2","0","0","1","monza;catalunya;interlagos","spa","1.8499999","1","100","269.4462","57.165966","Completed","60","2","60","1","0.4","0.08","0.45","120","RandomSubset(3)"
"1175","generation_001175_1787989943.ron","1","1787989943","2026-08-29 04:52:23 -03:00","6 -> 8 -> 2","Tanh -> Tanh","74","1.8499999","1.6138132","291.21518","1","100","3","0","0","0","monza;silverstone;red_bull_ring","monaco","1.2872915","0.8872915","88.72915","267.82947","60.015923","Timeout","60","2","60","1","0.4","0.08","0.45","120","RandomSubset(3)"
"1200","generation_001200_1787990366.ron","1","1787990366","2026-08-29 04:59:26 -03:00","6 -> 8 -> 2","Tanh -> Tanh","74","1.6962872","1.4513606","302.17255","0.6666667","66.66667","2","0","0","1","catalunya;interlagos;monza","monaco","1.2934141","0.89341414","89.341414","269.67758","60.015923","Timeout","60","2","60","1","0.4","0.08","0.45","120","RandomSubset(3)"
"1225","generation_001225_1787990781.ron","1","1787990781","2026-08-29 05:06:21 -03:00","6 -> 8 -> 2","Tanh -> Tanh","74","1.8499999","1.4694823","293.19693","1","100","3","0","0","0","silverstone;red_bull_ring;interlagos","suzuka","1.8499999","1","100","256.1069","52.332706","Completed","60","2","60","1","0.4","0.08","0.45","120","RandomSubset(3)"
"1250","generation_001250_1787991199.ron","1","1787991199","2026-08-29 05:13:19 -03:00","6 -> 8 -> 2","Tanh -> Tanh","74","1.8499999","1.6333568","291.50323","1","100","3","0","0","0","silverstone;red_bull_ring;monza","monaco","1.2939298","0.89392984","89.392984","269.83325","60.015923","Timeout","60","2","60","1","0.4","0.08","0.45","120","RandomSubset(3)"
"1275","generation_001275_1787991622.ron","1","1787991622","2026-08-29 05:20:22 -03:00","6 -> 8 -> 2","Tanh -> Tanh","74","1.696895","1.396229","299.1089","0.6666667","66.66667","2","0","0","1","red_bull_ring;interlagos;catalunya","suzuka","1.8499999","1","100","256.02536","52.349373","Completed","60","2","60","1","0.4","0.08","0.45","120","RandomSubset(3)"
"1300","generation_001300_1787992044.ron","1","1787992044","2026-08-29 05:27:24 -03:00","6 -> 8 -> 2","Tanh -> Tanh","74","1.8499999","1.4250243","293.5015","1","100","3","0","0","0","red_bull_ring;interlagos;silverstone","spa","1.8499999","1","100","272.6255","56.49931","Completed","60","2","60","1","0.4","0.08","0.45","120","RandomSubset(3)"
"1325","generation_001325_1787992460.ron","1","1787992460","2026-08-29 05:34:20 -03:00","6 -> 8 -> 2","Tanh -> Tanh","74","1.8499999","1.5660323","290.1918","1","100","3","0","0","0","monza;silverstone;red_bull_ring","suzuka","1.8499999","1","100","254.24461","52.716034","Completed","60","2","60","1","0.4","0.08","0.45","120","RandomSubset(3)"
"1350","generation_001350_1787992880.ron","1","1787992880","2026-08-29 05:41:20 -03:00","6 -> 8 -> 2","Tanh -> Tanh","74","1.8499999","1.4108618","294.48364","1","100","3","0","0","0","silverstone;red_bull_ring;interlagos","monaco","1.2985802","0.8985802","89.85802","271.23697","60.015923","Timeout","60","2","60","1","0.4","0.08","0.45","120","RandomSubset(3)"
"1375","generation_001375_1787993296.ron","1","1787993296","2026-08-29 05:48:16 -03:00","6 -> 8 -> 2","Tanh -> Tanh","74","1.696907","1.5000651","299.77457","0.6666667","66.66667","2","0","0","1","monza;red_bull_ring;catalunya","monaco","1.2936573","0.89365727","89.365727","269.75098","60.015923","Timeout","60","2","60","1","0.4","0.08","0.45","120","RandomSubset(3)"
"1400","generation_001400_1787993714.ron","1","1787993714","2026-08-29 05:55:14 -03:00","6 -> 8 -> 2","Tanh -> Tanh","74","1.6969223","1.4748648","289.69662","0.6666667","66.66667","2","0","0","1","silverstone;monza;catalunya","suzuka","1.8499999","1","100","255.53725","52.44937","Completed","60","2","60","1","0.4","0.08","0.45","120","RandomSubset(3)"
"1425","generation_001425_1787994137.ron","1","1787994137","2026-08-29 06:02:17 -03:00","6 -> 8 -> 2","Tanh -> Tanh","74","1.696907","1.4333268","287.23364","0.6666667","66.66667","2","0","0","1","catalunya;silverstone;red_bull_ring","spa","1.8499999","1","100","268.97568","57.265965","Completed","60","2","60","1","0.4","0.08","0.45","120","RandomSubset(3)"
"1450","generation_001450_1787994554.ron","1","1787994554","2026-08-29 06:09:14 -03:00","6 -> 8 -> 2","Tanh -> Tanh","74","1.8499999","1.6379591","290.7928","1","100","3","0","0","0","silverstone;red_bull_ring;monza","monaco","1.2859842","0.8859841","88.59841","267.43484","60.015923","Timeout","60","2","60","1","0.4","0.08","0.45","120","RandomSubset(3)"
"1475","generation_001475_1787994967.ron","1","1787994967","2026-08-29 06:16:07 -03:00","6 -> 8 -> 2","Tanh -> Tanh","74","1.8499999","1.7020305","291.0359","1","100","3","0","0","0","red_bull_ring;monza;silverstone","suzuka","1.8499999","1","100","255.37494","52.482704","Completed","60","2","60","1","0.4","0.08","0.45","120","RandomSubset(3)"
"1500","generation_001500_1787995384.ron","1","1787995384","2026-08-29 06:23:04 -03:00","6 -> 8 -> 2","Tanh -> Tanh","74","1.6970764","1.4574487","302.55197","0.6666667","66.66667","2","0","0","1","catalunya;interlagos;monza","suzuka","1.8499999","1","100","255.9439","52.36604","Completed","60","2","60","1","0.4","0.08","0.45","120","RandomSubset(3)"
"1525","generation_001525_1787995796.ron","1","1787995796","2026-08-29 06:29:56 -03:00","6 -> 8 -> 2","Tanh -> Tanh","74","1.6972576","1.482087","290.69144","0.6666667","66.66667","2","0","0","1","monza;silverstone;catalunya","spa","1.8499999","1","100","268.3509","57.399296","Completed","60","2","60","1","0.4","0.08","0.45","120","RandomSubset(3)"
"1550","generation_001550_1787996211.ron","1","1787996211","2026-08-29 06:36:51 -03:00","6 -> 8 -> 2","Tanh -> Tanh","74","1.8499999","1.4968286","293.8662","1","100","3","0","0","0","red_bull_ring;interlagos;silverstone","suzuka","1.8499999","1","100","256.43356","52.26604","Completed","60","2","60","1","0.4","0.08","0.45","120","RandomSubset(3)"
"1575","generation_001575_1787996630.ron","1","1787996630","2026-08-29 06:43:50 -03:00","6 -> 8 -> 2","Tanh -> Tanh","74","1.6970881","1.5404233","299.92258","0.6666667","66.66667","2","0","0","1","red_bull_ring;catalunya;monza","suzuka","1.8499999","1","100","255.78107","52.399372","Completed","60","2","60","1","0.4","0.08","0.45","120","RandomSubset(3)"
"1600","generation_001600_1787997049.ron","1","1787997049","2026-08-29 06:50:49 -03:00","6 -> 8 -> 2","Tanh -> Tanh","74","1.8499999","1.6144975","293.2465","1","100","3","0","0","0","silverstone;monza;red_bull_ring","spa","1.8499999","1","100","272.30417","56.565975","Completed","60","2","60","1","0.4","0.08","0.45","120","RandomSubset(3)"
"1625","generation_001625_1787997464.ron","1","1787997464","2026-08-29 06:57:44 -03:00","6 -> 8 -> 2","Tanh -> Tanh","74","1.6970881","1.4931266","290.34155","0.6666667","66.66667","2","0","0","1","silverstone;catalunya;monza","suzuka","1.8499999","1","100","255.78107","52.399372","Completed","60","2","60","1","0.4","0.08","0.45","120","RandomSubset(3)"
"1650","generation_001650_1787997877.ron","1","1787997877","2026-08-29 07:04:37 -03:00","6 -> 8 -> 2","Tanh -> Tanh","74","1.8499999","1.5563666","297.00027","1","100","3","0","0","0","interlagos;monza;silverstone","spa","1.8499999","1","100","273.10886","56.39931","Completed","60","2","60","1","0.4","0.08","0.45","120","RandomSubset(3)"
"1675","generation_001675_1787998300.ron","1","1787998300","2026-08-29 07:11:40 -03:00","6 -> 8 -> 2","Tanh -> Tanh","74","1.8499999","1.5389926","293.2511","1","100","3","0","0","0","interlagos;monza;silverstone","spa","1.8499999","1","100","267.57394","57.56596","Completed","60","2","60","1","0.4","0.08","0.45","120","RandomSubset(3)"
"1700","generation_001700_1787998718.ron","1","1787998718","2026-08-29 07:18:38 -03:00","6 -> 8 -> 2","Tanh -> Tanh","74","1.697847","1.431266","299.62164","0.6666667","66.66667","2","0","0","1","red_bull_ring;catalunya;interlagos","suzuka","1.8499999","1","100","256.59723","52.232708","Completed","60","2","60","1","0.4","0.08","0.45","120","RandomSubset(3)"
"1725","generation_001725_1787999139.ron","1","1787999139","2026-08-29 07:25:39 -03:00","6 -> 8 -> 2","Tanh -> Tanh","74","1.6972772","1.4728653","302.45456","0.6666667","66.66667","2","0","0","1","interlagos;catalunya;monza","monaco","1.2921222","0.89212227","89.212227","269.28763","60.015923","Timeout","60","2","60","1","0.4","0.08","0.45","120","RandomSubset(3)"
"1750","generation_001750_1787999556.ron","1","1787999556","2026-08-29 07:32:36 -03:00","6 -> 8 -> 2","Tanh -> Tanh","74","1.8499999","1.4816575","292.01492","1","100","3","0","0","0","red_bull_ring;silverstone;interlagos","monaco","1.2951945","0.89519453","89.519453","270.215","60.015923","Timeout","60","2","60","1","0.4","0.08","0.45","120","RandomSubset(3)"
"1775","generation_001775_1787999976.ron","1","1787999976","2026-08-29 07:39:36 -03:00","6 -> 8 -> 2","Tanh -> Tanh","74","1.8499999","1.555103","296.7645","1","100","3","0","0","0","interlagos;monza;silverstone","spa","1.8499999","1","100","271.3448","56.765972","Completed","60","2","60","1","0.4","0.08","0.45","120","RandomSubset(3)"
"1800","generation_001800_1788000409.ron","1","1788000409","2026-08-29 07:46:49 -03:00","6 -> 8 -> 2","Tanh -> Tanh","74","1.6972772","1.3365387","289.80835","0.6666667","66.66667","2","0","0","1","catalunya;interlagos;silverstone","monaco","1.2921222","0.89212227","89.212227","269.28763","60.015923","Timeout","60","2","60","1","0.4","0.08","0.45","120","RandomSubset(3)"
"1825","generation_001825_1788000846.ron","1","1788000846","2026-08-29 07:54:06 -03:00","6 -> 8 -> 2","Tanh -> Tanh","74","1.8499999","1.4875649","293.33673","1","100","3","0","0","0","interlagos;silverstone;red_bull_ring","suzuka","1.8499999","1","100","256.1069","52.332706","Completed","60","2","60","1","0.4","0.08","0.45","120","RandomSubset(3)"
"1850","generation_001850_1788001273.ron","1","1788001273","2026-08-29 08:01:13 -03:00","6 -> 8 -> 2","Tanh -> Tanh","74","1.8499999","1.5475444","299.08176","1","100","3","0","0","0","interlagos;monza;silverstone","spa","1.8499999","1","100","274.16208","56.182648","Completed","60","2","60","1","0.4","0.08","0.45","120","RandomSubset(3)"
"1875","generation_001875_1788001690.ron","1","1788001690","2026-08-29 08:08:10 -03:00","6 -> 8 -> 2","Tanh -> Tanh","74","1.6972772","1.4735473","302.45456","0.6666667","66.66667","2","0","0","1","interlagos;catalunya;monza","suzuka","1.8499999","1","100","255.86246","52.382706","Completed","60","2","60","1","0.4","0.08","0.45","120","RandomSubset(3)"
"1900","generation_001900_1788002111.ron","1","1788002111","2026-08-29 08:15:11 -03:00","6 -> 8 -> 2","Tanh -> Tanh","74","1.6973372","1.4292794","287.21503","0.6666667","66.66667","2","0","0","1","red_bull_ring;catalunya;silverstone","monaco","1.2907375","0.89073753","89.073753","268.86966","60.015923","Timeout","60","2","60","1","0.4","0.08","0.45","120","RandomSubset(3)"
"1925","generation_001925_1788002525.ron","1","1788002525","2026-08-29 08:22:05 -03:00","6 -> 8 -> 2","Tanh -> Tanh","74","1.6972913","1.4848005","290.4107","0.6666667","66.66667","2","0","0","1","monza;catalunya;silverstone","spa","1.8499999","1","100","268.4288","57.38263","Completed","60","2","60","1","0.4","0.08","0.45","120","RandomSubset(3)"
"1950","generation_001950_1788002944.ron","1","1788002944","2026-08-29 08:29:04 -03:00","6 -> 8 -> 2","Tanh -> Tanh","74","1.6972913","1.4841826","287.41068","0.6666667","66.66667","2","0","0","1","silverstone;red_bull_ring;catalunya","suzuka","1.8499999","1","100","255.9439","52.36604","Completed","60","2","60","1","0.4","0.08","0.45","120","RandomSubset(3)"
"1975","generation_001975_1788003367.ron","1","1788003367","2026-08-29 08:36:07 -03:00","6 -> 8 -> 2","Tanh -> Tanh","74","1.6972913","1.4891497","287.41068","0.6666667","66.66667","2","0","0","1","silverstone;catalunya;red_bull_ring","spa","1.8499999","1","100","268.4288","57.38263","Completed","60","2","60","1","0.4","0.08","0.45","120","RandomSubset(3)"
"2000","generation_002000_1788003795.ron","1","1788003795","2026-08-29 08:43:15 -03:00","6 -> 8 -> 2","Tanh -> Tanh","74","1.6973906","1.4101489","299.52917","0.6666667","66.66667","2","0","0","1","catalunya;interlagos;red_bull_ring","monaco","1.2924395","0.8924395","89.24395","269.3834","60.015923","Timeout","60","2","60","1","0.4","0.08","0.45","120","RandomSubset(3)"
"2025","generation_002025_1788004209.ron","1","1788004209","2026-08-29 08:50:09 -03:00","6 -> 8 -> 2","Tanh -> Tanh","74","1.8499999","1.4680195","292.67007","1","100","3","0","0","0","interlagos;silverstone;red_bull_ring","suzuka","1.8499999","1","100","256.1885","52.31604","Completed","60","2","60","1","0.4","0.08","0.45","120","RandomSubset(3)"
"2050","generation_002050_1788004627.ron","1","1788004627","2026-08-29 08:57:07 -03:00","6 -> 8 -> 2","Tanh -> Tanh","74","1.6973906","1.3487883","290.0586","0.6666667","66.66667","2","0","0","1","interlagos;catalunya;silverstone","suzuka","1.8499999","1","100","255.78107","52.399372","Completed","60","2","60","1","0.4","0.08","0.45","120","RandomSubset(3)"
"2075","generation_002075_1788005044.ron","1","1788005044","2026-08-29 09:04:04 -03:00","6 -> 8 -> 2","Tanh -> Tanh","74","1.6973906","1.4248894","299.52917","0.6666667","66.66667","2","0","0","1","catalunya;red_bull_ring;interlagos","suzuka","1.8499999","1","100","255.78107","52.399372","Completed","60","2","60","1","0.4","0.08","0.45","120","RandomSubset(3)"
"2100","generation_002100_1788005466.ron","1","1788005466","2026-08-29 09:11:06 -03:00","6 -> 8 -> 2","Tanh -> Tanh","74","1.6980056","1.5337267","299.84586","0.6666667","66.66667","2","0","0","1","red_bull_ring;catalunya;monza","monaco","1.288647","0.8886471","88.86471","268.23865","60.015923","Timeout","60","2","60","1","0.4","0.08","0.45","120","RandomSubset(3)"
"2125","generation_002125_1788005882.ron","1","1788005882","2026-08-29 09:18:02 -03:00","6 -> 8 -> 2","Tanh -> Tanh","74","1.6973906","1.4393885","287.46664","0.6666667","66.66667","2","0","0","1","red_bull_ring;catalunya;silverstone","monaco","1.2924395","0.8924395","89.24395","269.3834","60.015923","Timeout","60","2","60","1","0.4","0.08","0.45","120","RandomSubset(3)"
"2150","generation_002150_1788006298.ron","1","1788006298","2026-08-29 09:24:58 -03:00","6 -> 8 -> 2","Tanh -> Tanh","74","1.8499999","1.5490211","292.5985","1","100","3","0","0","0","silverstone;interlagos;red_bull_ring","monaco","1.2908515","0.89085144","89.085144","268.90402","60.015923","Timeout","60","2","60","1","0.4","0.08","0.45","120","RandomSubset(3)"
"2175","generation_002175_1788006714.ron","1","1788006714","2026-08-29 09:31:54 -03:00","6 -> 8 -> 2","Tanh -> Tanh","74","1.6973906","1.4824721","290.5546","0.6666667","66.66667","2","0","0","1","silverstone;monza;catalunya","spa","1.8499999","1","100","268.8974","57.28263","Completed","60","2","60","1","0.4","0.08","0.45","120","RandomSubset(3)"
"2200","generation_002200_1788007134.ron","1","1788007134","2026-08-29 09:38:54 -03:00","6 -> 8 -> 2","Tanh -> Tanh","74","1.6973906","1.4942583","290.5546","0.6666667","66.66667","2","0","0","1","silverstone;monza;catalunya","monaco","1.2924395","0.8924395","89.24395","269.3834","60.015923","Timeout","60","2","60","1","0.4","0.08","0.45","120","RandomSubset(3)"
"2225","generation_002225_1788007553.ron","1","1788007553","2026-08-29 09:45:53 -03:00","6 -> 8 -> 2","Tanh -> Tanh","74","1.8499999","1.585336","307.84515","1","100","3","0","0","0","red_bull_ring;interlagos;monza","monaco","1.2990172","0.8990172","89.90172","271.3689","60.015923","Timeout","60","2","60","1","0.4","0.08","0.45","120","RandomSubset(3)"
"2250","generation_002250_1788007972.ron","1","1788007972","2026-08-29 09:52:52 -03:00","6 -> 8 -> 2","Tanh -> Tanh","74","1.6973906","1.4475831","287.4666","0.6666667","66.66667","2","0","0","1","silverstone;red_bull_ring;catalunya","monaco","1.2924395","0.8924395","89.24395","269.3834","60.015923","Timeout","60","2","60","1","0.4","0.08","0.45","120","RandomSubset(3)"
"2275","generation_002275_1788008397.ron","1","1788008397","2026-08-29 09:59:57 -03:00","6 -> 8 -> 2","Tanh -> Tanh","74","1.6974664","1.3700525","289.97183","0.6666667","66.66667","2","0","0","1","silverstone;interlagos;catalunya","spa","1.8499999","1","100","268.6629","57.33263","Completed","60","2","60","1","0.4","0.08","0.45","120","RandomSubset(3)"
"2300","generation_002300_1788008815.ron","1","1788008815","2026-08-29 10:06:55 -03:00","6 -> 8 -> 2","Tanh -> Tanh","74","1.8499999","1.5928161","304.60135","1","100","3","0","0","0","monza;red_bull_ring;interlagos","spa","1.8499999","1","100","269.83954","57.082634","Completed","60","2","60","1","0.4","0.08","0.45","120","RandomSubset(3)"
"2325","generation_002325_1788009232.ron","1","1788009232","2026-08-29 10:13:52 -03:00","6 -> 8 -> 2","Tanh -> Tanh","74","1.8499999","1.6466736","284.60156","1","100","3","0","0","0","monza;red_bull_ring;silverstone","suzuka","1.8499999","1","100","247.59106","54.13268","Completed","60","2","60","1","0.4","0.08","0.45","120","RandomSubset(3)"
"2350","generation_002350_1788009652.ron","1","1788009652","2026-08-29 10:20:52 -03:00","6 -> 8 -> 2","Tanh -> Tanh","74","1.6975945","1.5120456","289.40033","0.6666667","66.66667","2","0","0","1","catalunya;monza;silverstone","monaco","1.2828066","0.88280666","88.280666","266.4757","60.015923","Timeout","60","2","60","1","0.4","0.08","0.45","120","RandomSubset(3)"
"2375","generation_002375_1788010084.ron","1","1788010084","2026-08-29 10:28:04 -03:00","6 -> 8 -> 2","Tanh -> Tanh","74","1.6974664","1.5400875","299.94724","0.6666667","66.66667","2","0","0","1","red_bull_ring;monza;catalunya","spa","1.8499999","1","100","268.6629","57.33263","Completed","60","2","60","1","0.4","0.08","0.45","120","RandomSubset(3)"
"2400","generation_002400_1788010511.ron","1","1788010511","2026-08-29 10:35:11 -03:00","6 -> 8 -> 2","Tanh -> Tanh","74","1.6975483","1.4212081","299.42847","0.6666667","66.66667","2","0","0","1","red_bull_ring;interlagos;catalunya","monaco","1.2912989","0.8912989","89.12989","269.0391","60.015923","Timeout","60","2","60","1","0.4","0.08","0.45","120","RandomSubset(3)"
"2425","generation_002425_1788010939.ron","1","1788010939","2026-08-29 10:42:19 -03:00","6 -> 8 -> 2","Tanh -> Tanh","74","1.8499999","1.5813972","305.50455","1","100","3","0","0","0","interlagos;monza;red_bull_ring","spa","1.8499999","1","100","271.18555","56.799305","Completed","60","2","60","1","0.4","0.08","0.45","120","RandomSubset(3)"
"2450","generation_002450_1788011363.ron","1","1788011363","2026-08-29 10:49:23 -03:00","6 -> 8 -> 2","Tanh -> Tanh","74","1.6978945","1.5313469","300.63022","0.6666667","66.66667","2","0","0","1","monza;catalunya;red_bull_ring","monaco","1.2935756","0.89357567","89.357567","269.72635","60.015923","Timeout","60","2","60","1","0.4","0.08","0.45","120","RandomSubset(3)"
"2475","generation_002475_1788011777.ron","1","1788011777","2026-08-29 10:56:17 -03:00","6 -> 8 -> 2","Tanh -> Tanh","74","1.6976137","1.5514716","299.2469","0.6666667","66.66667","2","0","0","1","catalunya;monza;red_bull_ring","monaco","1.2833554","0.8833554","88.33554","266.64136","60.015923","Timeout","60","2","60","1","0.4","0.08","0.45","120","RandomSubset(3)"
"2500","generation_002500_1788012192.ron","1","1788012192","2026-08-29 11:03:12 -03:00","6 -> 8 -> 2","Tanh -> Tanh","74","1.8499999","1.5714881","305.6828","1","100","3","0","0","0","interlagos;red_bull_ring;monza","spa","1.8499999","1","100","270.6297","56.91597","Completed","60","2","60","1","0.4","0.08","0.45","120","RandomSubset(3)"
"2525","generation_002525_1788012616.ron","1","1788012616","2026-08-29 11:10:16 -03:00","6 -> 8 -> 2","Tanh -> Tanh","74","1.8499999","1.4635118","292.3751","1","100","3","0","0","0","interlagos;red_bull_ring;silverstone","monaco","1.2980051","0.89800507","89.800507","271.06335","60.015923","Timeout","60","2","60","1","0.4","0.08","0.45","120","RandomSubset(3)"
"2550","generation_002550_1788013038.ron","1","1788013038","2026-08-29 11:17:18 -03:00","6 -> 8 -> 2","Tanh -> Tanh","74","1.8499999","1.5468035","294.12473","1","100","3","0","0","0","interlagos;monza;silverstone","monaco","1.2891119","0.8891118","88.91118","268.37894","60.015923","Timeout","60","2","60","1","0.4","0.08","0.45","120","RandomSubset(3)"
"2575","generation_002575_1788013470.ron","1","1788013470","2026-08-29 11:24:30 -03:00","6 -> 8 -> 2","Tanh -> Tanh","74","1.8499999","1.5377951","295.03586","1","100","3","0","0","0","monza;interlagos;silverstone","spa","1.8499999","1","100","269.6034","57.132633","Completed","60","2","60","1","0.4","0.08","0.45","120","RandomSubset(3)"
"2600","generation_002600_1788013893.ron","1","1788013893","2026-08-29 11:31:33 -03:00","6 -> 8 -> 2","Tanh -> Tanh","74","1.8499999","1.5271529","292.0919","1","100","3","0","0","0","silverstone;red_bull_ring;interlagos","monaco","1.2944742","0.89447427","89.447427","269.9976","60.015923","Timeout","60","2","60","1","0.4","0.08","0.45","120","RandomSubset(3)"
"2625","generation_002625_1788014314.ron","1","1788014314","2026-08-29 11:38:34 -03:00","6 -> 8 -> 2","Tanh -> Tanh","74","1.8499999","1.4571081","292.64413","1","100","3","0","0","0","silverstone;interlagos;red_bull_ring","suzuka","1.8499999","1","100","256.51538","52.249374","Completed","60","2","60","1","0.4","0.08","0.45","120","RandomSubset(3)"
"2650","generation_002650_1788014736.ron","1","1788014736","2026-08-29 11:45:36 -03:00","6 -> 8 -> 2","Tanh -> Tanh","74","1.8499999","1.4795336","291.94095","1","100","3","0","0","0","silverstone;interlagos;red_bull_ring","monaco","1.2969934","0.8969934","89.69934","270.758","60.015923","Timeout","60","2","60","1","0.4","0.08","0.45","120","RandomSubset(3)"
"2675","generation_002675_1788015151.ron","1","1788015151","2026-08-29 11:52:31 -03:00","6 -> 8 -> 2","Tanh -> Tanh","74","1.6975654","1.4617853","302.91806","0.6666667","66.66667","2","0","0","1","monza;interlagos;catalunya","spa","1.8499999","1","100","268.3509","57.399296","Completed","60","2","60","1","0.4","0.08","0.45","120","RandomSubset(3)"
"2700","generation_002700_1788015572.ron","1","1788015572","2026-08-29 11:59:32 -03:00","6 -> 8 -> 2","Tanh -> Tanh","74","1.6975695","1.4107909","299.2471","0.6666667","66.66667","2","0","0","1","catalunya;red_bull_ring;interlagos","spa","1.8499999","1","100","267.4191","57.599293","Completed","60","2","60","1","0.4","0.08","0.45","120","RandomSubset(3)"
"2725","generation_002725_1788015989.ron","1","1788015989","2026-08-29 12:06:29 -03:00","6 -> 8 -> 2","Tanh -> Tanh","74","1.8499999","1.6420013","293.90768","1","100","3","0","0","0","silverstone;red_bull_ring;monza","monaco","1.2948442","0.8948442","89.48442","270.10925","60.015923","Timeout","60","2","60","1","0.4","0.08","0.45","120","RandomSubset(3)"
"2750","generation_002750_1788016407.ron","1","1788016407","2026-08-29 12:13:27 -03:00","6 -> 8 -> 2","Tanh -> Tanh","74","1.6976131","1.5057079","286.2238","0.6666667","66.66667","2","0","0","1","catalunya;red_bull_ring;silverstone","monaco","1.2807716","0.8807716","88.07716","265.86142","60.015923","Timeout","60","2","60","1","0.4","0.08","0.45","120","RandomSubset(3)"
"2775","generation_002775_1788016828.ron","1","1788016828","2026-08-29 12:20:28 -03:00","6 -> 8 -> 2","Tanh -> Tanh","74","1.6975654","1.4463258","287.35052","0.6666667","66.66667","2","0","0","1","red_bull_ring;catalunya;silverstone","suzuka","1.8499999","1","100","255.45607","52.466038","Completed","60","2","60","1","0.4","0.08","0.45","120","RandomSubset(3)"
"2800","generation_002800_1788017249.ron","1","1788017249","2026-08-29 12:27:29 -03:00","6 -> 8 -> 2","Tanh -> Tanh","74","1.6975822","1.3567228","289.93143","0.6666667","66.66667","2","0","0","1","interlagos;silverstone;catalunya","spa","1.8499999","1","100","268.3509","57.399296","Completed","60","2","60","1","0.4","0.08","0.45","120","RandomSubset(3)"
"2825","generation_002825_1788017674.ron","1","1788017674","2026-08-29 12:34:34 -03:00","6 -> 8 -> 2","Tanh -> Tanh","74","1.6975822","1.5457709","300.0885","0.6666667","66.66667","2","0","0","1","catalunya;monza;red_bull_ring","spa","1.8499999","1","100","268.3509","57.399296","Completed","60","2","60","1","0.4","0.08","0.45","120","RandomSubset(3)"
"2850","generation_002850_1788018098.ron","1","1788018098","2026-08-29 12:41:38 -03:00","6 -> 8 -> 2","Tanh -> Tanh","74","1.8499999","1.5670245","306.0706","1","100","3","0","0","0","monza;interlagos;red_bull_ring","monaco","1.2953473","0.89534736","89.534736","270.26114","60.015923","Timeout","60","2","60","1","0.4","0.08","0.45","120","RandomSubset(3)"
"2875","generation_002875_1788018525.ron","1","1788018525","2026-08-29 12:48:45 -03:00","6 -> 8 -> 2","Tanh -> Tanh","74","1.6976 199","1.3735591","289.89227","0.6666667","66.66667","2","0","0","1","interlagos;catalunya;silverstone","monaco","1.2918837","0.8918837","89.18837","269.2156","60.015923","Timeout","60","2","60","1","0.4","0.08","0.45","120","RandomSubset(3)"
"2900","generation_002900_1788018949.ron","1","1788018949","2026-08-29 12:55:49 -03:00","6 -> 8 -> 2","Tanh -> Tanh","74","1.6976199","1.4917401","290.31595","0.6666667","66.66667","2","0","0","1","silverstone;catalunya;monza","suzuka","1.8499999","1","100","255.61847","52.432705","Completed","60","2","60","1","0.4","0.08","0.45","120","RandomSubset(3)"
"2925","generation_002925_1788019372.ron","1","1788019372","2026-08-29 13:02:52 -03:00","6 -> 8 -> 2","Tanh -> Tanh","74","1.6977025","1.4722195","302.71982","0.6666667","66.66667","2","0","0","1","interlagos;catalunya;monza","suzuka","1.8499999","1","100","255.69974","52.41604","Completed","60","2","60","1","0.4","0.08","0.45","120","RandomSubset(3)"
"2950","generation_002950_1788019793.ron","1","1788019793","2026-08-29 13:09:53 -03:00","6 -> 8 -> 2","Tanh -> Tanh","74","1.6976992","1.3975146","299.56754","0.6666667","66.66667","2","0","0","1","interlagos;red_bull_ring;catalunya","suzuka","1.8499999","1","100","255.69974","52.41604","Completed","60","2","60","1","0.4","0.08","0.45","120","RandomSubset(3)"
"2975","generation_002975_1788020218.ron","1","1788020218","2026-08-29 13:16:58 -03:00","6 -> 8 -> 2","Tanh -> Tanh","74","1.8499999","1.5244074","292.57816","1","100","3","0","0","0","silverstone;interlagos;red_bull_ring","spa","1.8499999","1","100","271.4245","56.749306","Completed","60","2","60","1","0.4","0.08","0.45","120","RandomSubset(3)"
"3000","generation_003000_1788020640.ron","1","1788020640","2026-08-29 13:24:00 -03:00","6 -> 8 -> 2","Tanh -> Tanh","74","1.8499999","1.5489558","294.3635","1","100","3","0","0","0","interlagos;silverstone;monza","monaco","1.2870742","0.8870742","88.70742","267.7639","60.015923","Timeout","60","2","60","1","0.4","0.08","0.45","120","RandomSubset(3)"
"3025","generation_003025_1788021069.ron","1","1788021069","2026-08-29 13:31:09 -03:00","6 -> 8 -> 2","Tanh -> Tanh","74","1.8499999","1.5071452","291.38885","1","100","3","0","0","0","interlagos;red_bull_ring;silverstone","monaco","1.2831904","0.8831904","88.31904","266.59155","60.015923","Timeout","60","2","60","1","0.4","0.08","0.45","120","RandomSubset(3)"
"3050","generation_003050_1788021486.ron","1","1788021486","2026-08-29 13:38:06 -03:00","6 -> 8 -> 2","Tanh -> Tanh","74","1.6980673","1.5554318","300.96716","0.6666667","66.66667","2","0","0","1","red_bull_ring;monza;catalunya","suzuka","1.8499999","1","100","255.9439","52.36604","Completed","60","2","60","1","0.4","0.08","0.45","120","RandomSubset(3)"
"3075","generation_003075_1788021914.ron","1","1788021914","2026-08-29 13:45:14 -03:00","6 -> 8 -> 2","Tanh -> Tanh","74","1.8499999","1.5874909","304.16638","1","100","3","0","0","0","monza;red_bull_ring;interlagos","spa","1.8499999","1","100","268.97568","57.265965","Completed","60","2","60","1","0.4","0.08","0.45","120","RandomSubset(3)"
"3100","generation_003100_1788022332.ron","1","1788022332","2026-08-29 13:52:12 -03:00","6 -> 8 -> 2","Tanh -> Tanh","74","1.8499999","1.5413258","294.86255","1","100","3","0","0","0","silverstone;interlagos;monza","suzuka","1.8499999","1","100","256.43356","52.26604","Completed","60","2","60","1","0.4","0.08","0.45","120","RandomSubset(3)"
"3125","generation_003125_1788022762.ron","1","1788022762","2026-08-29 13:59:22 -03:00","6 -> 8 -> 2","Tanh -> Tanh","74","1.6980673","1.3695965","290.28824","0.6666667","66.66667","2","0","0","1","catalunya;silverstone;interlagos","monaco","1.2918211","0.89182115","89.182115","269.19675","60.015923","Timeout","60","2","60","1","0.4","0.08","0.45","120","RandomSubset(3)"
"3150","generation_003150_1788023813.ron","1","1788023813","2026-08-29 14:16:53 -03:00","6 -> 8 -> 2","Tanh -> Tanh","74","1.8499999","1.5456749","294.14966","1","100","3","0","0","0","monza;interlagos;silverstone","suzuka","1.8499999","1","100","255.86246","52.382706","Completed","60","2","60","1","0.4","0.08","0.45","120","RandomSubset(3)"
"3175","generation_003175_1788029395.ron","1","1788029395","2026-08-29 15:49:55 -03:00","6 -> 8 -> 2","Tanh -> Tanh","74","1.8499999","1.4738401","289.7344","1","100","3","0","0","0","silverstone;red_bull_ring;interlagos","suzuka","1.8499999","1","100","255.86246","52.382706","Completed","60","2","60","1","0.4","0.08","0.45","120","RandomSubset(3)"
"3200","generation_003200_1788035073.ron","1","1788035073","2026-08-29 17:24:33 -03:00","6 -> 8 -> 2","Tanh -> Tanh","74","1.8499999","1.5099801","293.64175","1","100","3","0","0","0","interlagos;monza;silverstone","spa","1.8499999","1","100","268.58484","57.349297","Completed","60","2","60","1","0.4","0.08","0.45","120","RandomSubset(3)"
